id,domain,price_anchor,E_evidence_1to3,D_demand_1to3_ANALYSIS,F_future_1to3_ANALYSIS,total_9,verdict
S01,AI red-teaming,$12K-$18K fixed,3,3,3,9,TOP10
S02,AI red-teaming,$35K-$55K sprint,3,3,3,9,TOP10
S03,AI red-teaming,$5K-$15K retainer,2,2,3,7,TIER2
S04,AI red-teaming,market bands,1,3,3,7,TIER2
S05,AI eval platform,$199-mo + enterprise,3,3,2,8,TIER2
S06,AI Act Annex IV,EUR 249 24h,3,3,3,9,TOP10
S07,AI Act documentation,EUR 9.9K-39.9K,3,3,3,9,TOP10
S08,EU AI Act assessment,EUR 1250 fixed,3,3,3,9,TOP10
S09,AI audit readiness,$499-$2499,3,2,3,8,TIER2
S10,AI Act market,market bands,1,3,3,7,TIER2
S11,Expert data (LXT),$15-150-hr,2,3,3,8,TIER2
S12,Data annotation,market bands,1,3,2,6,LOWER
S13,GigCX labeling,$4-$8-hr,3,3,1,7,ERODING
S14,Upwork AR projects,$300-$5000 fixed,3,3,2,8,TIER2
S15,Senior AI engineer,$100-$300-hr,2,3,3,8,TIER2
S16,RLHF-Outlier,$15-$50-hr,2,3,2,7,TIER2
S17,HackerOne bounties,$81M paid,3,3,3,9,TOP10
S18,Immunefi,up to $15M vault,3,2,2,7,TIER2
S19,BudgetSec pentest,$4925 fixed,3,3,2,8,TIER2
S20,Pentest market,market bands,2,3,2,7,TIER2
S21,SOC2 automation,market bands,2,3,2,7,TIER2
S22,Translation agency,$0.10-$0.25-word,3,2,1,6,ERODING
S23,GTS translation,$0.08-$0.30-word,3,2,1,6,ERODING
S24,Braintrust talent,$85-$215-hr,3,2,2,7,TIER2
S25,Langfuse observability,$29-mo +,3,2,2,7,TIER2
S26,AI Act gap analysis,free funnel,2,3,2,7,TIER2
S27,Smart-contract audit,$25K-eng-week; $80K-$200K+,3,3,2,8,TIER2
S28,Audit contests,$20K-$200K+ pools,3,3,2,8,TIER2
S29,Focused audit session,$500-$5K + $6K-aw,3,3,2,8,TIER2
S30,Tiered audits,$10K-$150K+,2,3,2,7,TIER2
S31,AI automation agency,$5K-$50K + retainers,3,3,3,9,TOP10
S32,AAA market,$3K-$15K build + agents,2,3,3,8,TIER2
S33,AI agent boutique,EUR 20K-80K,3,2,3,8,TIER2
S34,External DPO,EUR 30-800-mo,3,3,3,9,TOP10
S35,DPOaaS,$1.5K-$5K-mo,2,3,3,8,TIER2
S36,CSRD consulting,EUR 15K-200K+,2,3,3,8,TIER2
S37,ESG software,EUR 600-50K+-yr,2,3,3,8,TIER2
S38,CSRD real costs (EFRAG),EUR 23K-95K borne,3,3,3,9,TOP10
S39,Rev transcription,$0.25-$15.99-min,3,2,1,6,ERODING
S40,Rev worker pay,$0.45-$0.75-min,2,2,1,5,REJECT-commodity
S41,Arch-viz Bella,$550-$1000-image,3,2,2,7,TIER2
S42,Arch-viz budget,$249-$799-image,3,2,2,7,TIER2
S43,Viz premium,$4K-$12K-min animation,2,2,2,6,LOWER
S44,SEO retainers,$1.5K-$15K+-mo,2,3,1,6,ERODING
S45,Fixed-price SEO,$89-$490-task,3,2,2,7,TIER2
S46,Salesforce consulting,$100-$400-hr + projects,3,3,2,8,TIER2
S47,HubSpot rates,$40-$220-hr anecdotal,1,2,2,5,WEAK
S48,BPO per-agent,$1200-$3200-mo,2,3,1,6,ERODING
S49,Per-resolution,$1-$3 human; $0.10-$0.40 AI,2,3,3,8,TIER2
S50,DevOps managed,$3.5K-$18K-mo,2,3,2,7,TIER2
S51,Geo arbitrage,India 60-75pct below US,2,3,2,7,TIER2
S52,CBAM verification,EUR 5K-50K,2,3,3,8,TIER2
S53,CBAM software,EUR 9K-31K REPORTED,1,3,3,7,TIER2
S54,CBAM cert price,EUR 75.28 official,3,3,3,9,TOP10
S55,CBAM platform funnel,quote + free trial,2,2,3,7,TIER2
S56,Fractional CFO,$3K-$15K-mo,2,2,2,6,LOWER
S57,Series A finance,$10K-$25K-mo,2,2,2,6,LOWER
S58,Web dev survey,$1K-$15K quoted (63pct),3,3,1,7,ERODING
S59,Agency tiers,$2K-$300K+ ladder,2,3,2,7,TIER2
S60,Mobile agency,MVP $25K+; mid $60K-$150K,2,3,2,7,TIER2
S61,Clutch mobile,avg $90780; most $10K-$50K,3,3,2,8,TIER2
S62,No-code vs custom,$15-mo vs $5K-$250K,2,3,2,7,TIER2
S63,UX agency,$5K-$80K+; ret $5K-$20K,2,3,2,7,TIER2
S64,SaaS design,MVP $6K-$35K; audit $2K-$5K,2,3,2,7,TIER2
S65,Design freelance,$75-$195-hr med $120,2,3,2,7,TIER2
S66,Video units,$4.5K-$20K; $3K-$15K-min,2,3,2,7,TIER2
S67,Clutch video,avg $42280.92,3,2,2,7,TIER2
S68,UGC-AI floor,UGC $198; AI under $5,2,3,3,8,TIER2
S69,Ghostwriting tiers,$500-$15K-mo,2,3,1,6,ERODING
S70,Ghostwriting 3x,200+ agencies; $1.5K-$3K,2,3,1,6,ERODING
S71,Grant rates,$50-$150-hr; fed $3K-$15K,2,3,3,8,TIER2
S72,EU grants+ethics,EUR 7.5K-$25K+; no pct,2,2,3,7,TIER2
S73,Waveup models,from $3K; 884 projects,3,3,2,8,TIER2
S74,Upwork modeling,$25-$65-hr; $500-$10K,3,3,2,8,TIER2
S75,Modeling top-end,$120-$600-hr; to $100K+,2,2,2,6,LOWER
S76,Tableau card,$125-$200-hr; $8K-$25K,2,3,2,7,TIER2
S77,PowerBI DFW,$150-$350-hr; $4K-$75K,2,3,2,7,TIER2
S78,BI floor,EUR 10-435; $9-$115-hr,3,2,1,6,ERODING
S79,54 invoices automation,$95-$235-hr; $1.8K-$26K,3,3,3,9,TOP10
S80,Upwork Zapier,$40-$90-hr; $300-$3K,2,3,2,7,TIER2
S81,Fiverr floor,from $10-$125,3,2,1,6,ERODING
S82,Maven cohorts,$500-$3.5K-seat,3,2,3,8,TIER2
S83,B2B training,$1.5K-$3.5K-day; $9.5K tactic,2,3,3,8,TIER2
S84,vCISO bands,$200-$500-hr; $1K-$20K-mo,2,3,3,8,TIER2
S85,SOC2 budgets,readiness $25K-$40K,2,3,3,8,TIER2
S86,Firmware bands,$2K-$60K+; $30-$160-hr,2,2,3,7,TIER2
S87,IoT ladder,PoC $15K-$55K to $1M+,2,2,2,6,LOWER
S88,Bookkeeping Bench,$249-$499-mo,3,3,2,8,TIER2
S89,Bookkeeping Pilot,$349-$599-mo + tax,3,2,2,7,TIER2
S90,Tax prep consumer,$175-$650 ladder,2,3,2,7,TIER2
S91,CPA tax bands,$150-hr; $192-$913,2,2,3,7,TIER2
S92,Contingency recruiting,15-25pct; $18K-$45K,3,3,2,8,TIER2
S93,Retained search,25-35pct; $48K,3,2,3,8,TIER2
S94,PPC pct-of-spend,10-20pct; $500-$5K,3,3,2,8,TIER2
S95,PPC threshold tactic,$1K flat to 10pct,2,3,3,8,TIER2
S96,Formation Atlas,$500 flat,2,3,2,7,TIER2
S97,Legal rigor ladder,$427-$819; $9,3,2,2,7,TIER2
S98,Human staging gap,$24 vs $1 16x,3,3,1,7,ERODING
S99,AI staging unit econ,$1-$2 per listing,2,3,1,6,ERODING
S100,Offshore RE editing,$0.50-$10-img,2,3,1,6,ERODING
S101,RE editing ladder,$0.25-$35-img,2,2,1,5,ERODING
S102,Med billing pct,4-10pct avg ~6pct,3,3,2,8,TIER2
S103,Med billing menu,$2-$12-claim; hybrid,2,3,2,7,TIER2
S104,FinOps consulting,$200-$350-hr; $15K-$40K,3,2,3,8,TIER2
S105,FinOps SaaS ladder,$25K-$200K-yr,2,2,3,7,TIER2
S106,Klaviyo tiers,$1.5K-$10K-mo,3,3,2,8,TIER2
S107,Flow-build wedge,$5K-$15K fixed,2,3,2,7,TIER2
S108,Copy per-word ladder,$0.08-$4-word,3,3,1,7,ERODING
S109,Copy project menu,$800-$20K; 2-3x,2,2,3,7,TIER2
S110,VA hourly bands,$9-$80-hr; $1.5K-$3K,3,3,2,8,TIER2
S111,VA arbitrage spread,$4-$50-hr; 30-50pct,2,3,2,7,TIER2
