id,seller,offer,form,price_or_contract,evidence_type,source_url,access_date,independence,proves,does_not_prove
INT-01,GetMany-Upwork fee breakdown 2026,Upwork freelancer full fee stack,fact,service 0-15pct (avg ~10-13pct); Connects $0.15 (6-16-proposal); withdrawal $0-$30; FX 1.5-2pct; client 3-10pct + $0.99-$14.99; effective 12-20pct,fee guide,https://getmany.com/blog/upwork-fees,2026-09-20,secondary,Upwork true take 12-20pct incl Connects-FX-withdrawal,DZ freelancer approval odds
INT-02,Jobbers Fiverr cost guide 2026,Fiverr 20pct flat + buyer stack,fact,seller 20pct flat incl tips extras (no tiers); buyer 5.5pct + $2.50-$3.50; withdrawal $1-$3; $60K earner loses ~$9.4K (15.7pct avg across platforms),fee guide,https://www.jobbers.io/is-there-a-free-alternative-to-fiverr-in-2026-complete-zero-commission-guide/,2026-09-20,secondary,Fiverr 20pct flat vs Upwork ~10pct avg + buyer-side compounding,DZ seller approval odds
INT-03,TheMetricApp calculator 2026,Zero-fee platforms + Guru floor,fact,Toptal-Contra-Braintrust 0pct freelancer (selective-small pool); Guru 5-9pct; Freelancer.com ~10pct; $5K project: Fiverr -$1K vs Upwork-longterm -$250 vs Toptal $0,calculator guide,https://www.themetricapp.com/calculators/freelancer-platform-fee-calculator-2026,2026-09-20,secondary,0pct exists behind selection; 5pct long-term Upwork vs 20pct flat ladder,client quality per platform
INT-04,VaultLeap Payoneer breakdown 2026,Payoneer freelancer fee stack,fact,marketplace receiving 1pct; cross-currency withdrawal 1.2-4pct; same-currency $1.50 (under $400 = $4); conversion 0.5-3.5pct; $29.95-yr under threshold; $5K-mo freelancer pays $618-$1.8K-yr,fee guide,https://vaultleap.com/blog/payoneer-fees-explained-2026,2026-09-20,secondary,Payoneer all-in ~1-3pct-mo on $5K; withdrawal FX is the big line,exact personal rate (shown only in-dialog)
INT-05,Exiap Wise Business review 2026,Wise conversion + Business terms,fact,conversion 0.33-0.65pct mid-market no markup; Business $31 once $0-mo; receive ACH free; USD wire $4-$6.11; SWIFT varies; $1M-transfer; batch 1000; card 150+ countries,fee guide,https://www.exiap.com/reviews/wise-business-account,2026-09-20,secondary,Wise ~0.5pct vs banks-PayPal 2-4pct; $31 business entry,Algeria residency support (see INT-15: NO)
INT-06,TinyTeam Deel pricing 2026,Deel contractor-EOR stack,fact,contractor mgmt $49-mo employer-paid (contractor FREE); EOR $599; COR $325; payroll $29; FX 0.6-2pct; 1-mo salary deposit; country surcharge $50-$150; 120+ currencies,pricing guide,https://www.tinyteam.io/blog/deel-pricing,2026-09-20,secondary,client-paid rails exist ($49); contractor side $0 + proper docs,DZ contractor onboarding success rate
INT-07,ExpatMemo Mercury guide 2026,Mercury non-US founder terms,fact,US LLC-C-corp + EIN letter + passport + REAL US address (RA-CMRA-PO rejected) + US ops proof; $0-mo; free ACH-wires; prohibited-country list; 200K+ startups; 1-5 day approval,guide citing vendor policy,https://expatmemo.com/mercury-account-outside-us/,2026-09-20,secondary-vendor,non-resident USD banking path + exact doc list + address trap,Algeria on prohibited list or not (MUST ASK)
INT-08,DesignRevision processor math 2026,Stripe vs merchant-of-record all-in,fact,Stripe 2.9pct+$0.30 (+1.5pct intl +1pct FX +Tax 0.5pct +Billing 0.7pct); Paddle-LS MoR 5pct+$0.50 all-in (tax-fraud-chargebacks); Managed Payments 3.5pct+processing; payouts 2d vs 14th-28th+13d hold,fee comparison,https://designrevision.com/blog/stripe-vs-lemonsqueezy,2026-09-20,secondary,direct-card math 3.2-9pct by stack; MoR = tax offloaded at ~5.5pct,DZ founder signup approval per processor
INT-09,Xflow freelancer terms 2026,Deposit + milestone norms,fact,deposit 25-50pct (new client ~50pct; Freelancers Union min 20pct); 50-50 standard; milestones 30-40-30; <$500 = 100pct upfront; >$1K always deposit; Net 30 + deposit = default accept,convention guide,https://www.xflowpay.com/blog/freelancer-payment-terms,2026-09-20,secondary,25-50pct deposit is convention-not-law clients recognize,our close rate at 50pct (untested)
INT-10,Due.com deposit guide 2026,Late-payment reality + deposit defense,fact,47pct SMBs carry 30+ day overdue invoices; deposit filters unserious + funds work; under 25pct = thin protection; 40pct example saved $4.8K on stalled project,practice guide,https://due.com/require-a-deposit-from-clients/,2026-09-20,secondary,non-payment is base-rate ~half; deposit = highest-value policy,collection cost when it fails
INT-11,S99 guaranteed-PR comparison 2026,Guarantee ladder + escrow model,fact,30-day money-back common; extension > refund as warranty; escrow-until-live strongest (AuthorityTech $3K-$8K-placement); guaranteed-PR <20pct of market; S06-S08 refund precedents in-corpus,market comparison,https://s99pr.com/best-guaranteed-pr-agencies-2026/,2026-09-20,secondary,guarantee ladder refund-extension-escrow; minority model = differentiator,refund abuse rate
INT-12,Ruul payment-terms spectrum,Change-order + carry-one-phase rule,fact,never carry >1 phase unpaid; change order = written scope-cost-time + email approval BEFORE work; invoice on delivery day; Net 7-14-30 by client size; 100pct upfront for rush-red-flag,practice guide,https://ruul.io/blog/when-and-how-to-ask-for-payment-upfront-as-a-freelancer,2026-09-20,secondary,carry-one-phase + written-change-order discipline,client pushback frequency
INT-13,Skydo + r-algeria testimony,Payoneer works in Algeria,fact,account openable; receive USD-EUR; withdraw to DZ bank-CCP; Upwork-Fiverr payouts supported; some approval friction (proof of residence); fees per INT-04,vendor-geo guide + testimonial,https://www.skydo.com/people-ask/does-payoneer-work-in-algeria,2026-09-20,tertiary + testimonial,Payoneer-DZ path exists via multiple testimonies,approval success rate + withdrawal reliability live
INT-14,Webvator Algeria-PayPal,PayPal Algeria send-only + workarounds,fact,officially send-only (receive blocked); foreign-account workaround = ToS violation + freeze risk; ~$2K-payment anecdote; first-payment 2-21 day holds; withdraw via virtual-bank chain,grey guide,https://webvator.com/algeria-paypal/,2026-09-20,grey-secondary,PayPal-receive is workaround-not-rail; freeze risk documented,nothing reliable (do NOT build on this)
INT-15,r-algeria testimony 2023-25,Wise-Paysera-MyFin vs Algeria,fact,Wise needs EU address (DZ residency unsupported; closures reported); Paysera gone; MyFin blacklisted; fake-address = fraud + seizure; DZ banks demand docs + convert at bank rate,testimonial xN,https://www.reddit.com/r/algeria/comments/15veqrh/how_to_paypal_in_algeria/,2026-09-20,testimonial,Wise-personal is NOT a DZ rail; fraud workarounds documented-as-observed,any single verified current success
INT-16,Grey.co Algeria guides 2026,Grey accepts Algeria path,fact,free USD-GBP-EUR accounts; Upwork-to-Grey-to-DZD path documented; convert + withdraw to DZ bank; higher fees noted by users; USD-ACH-capable receiving,vendor geo guide + testimony,https://grey.co/blog/how-to-receive-payments-from-upwork-in-algeria-in-2026,2026-09-20,vendor + testimonial,Grey-DZ path documented by vendor + users,exact fee schedule + reliability live
INT-17,r-algeria testimony 2024,Crypto P2P USDT-DZD + prison risk,fact,USDT-USDC P2P to BaridiMob widely used; faster than banks per users; 2M DZD (~8K EUR) unexplained deposit = prison anecdote; legality disputed-absent,testimonial,https://www.reddit.com/r/algeria/comments/1cf9182/freelancer_struggling_to_get_paid_in_algeria/,2026-09-20,testimonial,P2P is used AND dangerous; source-of-funds is the tripwire,statute text (NOT verified - must check code)
INT-18,r-algeria testimony 2025,Legal DZ path: auto-entrepreneur + CCP,fact,auto-entrepreneur card + CCP details to receive; tax on ESTIMATED annual income not per-transaction; advanced testimony: US LLC (doola ~$297+) + US bank + Stripe + Wise Business at $5K+-mo,testimonial,https://www.reddit.com/r/algeria/comments/1p0uimo/freelancing_in_algeria_and_payment_methods/,2026-09-20,testimonial,legal receiving path described; US-LLC stack as advanced testimony,card issuance reality + bank acceptance live
