id,claim,value,unit,type,confidence,source,source_date,note
RATE-OFF-01,"سعر اليورو الرسمي (بيع) لدى بنك الجزائر",154.19,DZD/EUR,official,high,"بنك الجزائر عبر ObservAlgérie",2026-09-16,"الشراء 154.15 — قراءة يوم 16/09/2026"
RATE-PAR-01,"سعر اليورو في السوق الموازي (ساحة بورسعيد)",276.67,DZD/EUR,press,medium_high,"exchangedz.com (Square Port-Saïd)",2026-09-10,"مرجع غير قانوني — للقراءة الاقتصادية فقط، لا للاستعمال"
RATE-PAR-02,"سعر اليورو الموازي (قراءة ثانية مستقلة)",277,DZD/EUR,press,medium_high,"ObservAlgérie",2026-09-17,"يؤكد القراءة الأولى بفارق 0.12%"
GAP-01,"فارق السوق الموازي عن الرسمي",79.4,percent,computed,high,"مشتق محلياً من RATE-PAR-01 و RATE-OFF-01",2026-09-21,"الصيغة: (276.67-154.19)/154.19"
LOSS-01,"خسارة القيمة عند التحويل الرسمي مقابل المرجع الموازي",44.3,percent,computed,high,"مشتق محلياً",2026-09-21,"الصيغة: 1-154.19/276.67"
LAW-01,"عقوبة المخالفة الصرفية: حبس 2 إلى 7 سنوات",2-7,years,official_regulation,high,"المديرية العامة للجمارك الجزائرية — صفحة «مخالفة الصرف» نقلاً عن الأمر 96-22",2026-09-21,"مع غرامة لا تقل عن ضعف المبلغ ومصادرة الوسائل"
LAW-02,"حد أدنى للغرامة الصرفية = ضعف المبلغ محل المخالفة",2,multiple,official_regulation,high,"الجمارك الجزائرية (الأمر 96-22)",2026-09-21,"ولا تكون الغرامة أقل من ضعفي المبلغ"
LAW-03,"حظر عمليات التجارة الخارجية حتى 5 سنوات للمحكوم عليهم",5,years,official_regulation,high,"الأمر 96-22 (معدّل بالقانون 03-01 و10-03)",2026-09-21,"عقوبة تكميلية جوازية"
ANAE-01,"سقف رقم أعمال المقاول الذاتي — خدمات",5000000,DZD/year,official_regulation,high,"ANAE / قانون 22-23 + مصادر محاسبية متعددة",2026-08-24,"10M للتجارة — التجاوز = خروج آلي من الصفة"
ANAE-02,"سقف المقاول الذاتي باليورو",32427.5,EUR/year,computed,high,"مشتق: 5,000,000 / 154.19",2026-09-21,"الصيغة: CEILING_EUR"
ANAE-03,"سقف المقاول الذاتي شهرياً باليورو",2702.3,EUR/month,computed,high,"مشتق: CEILING_EUR / 12",2026-09-21,"سقف نموذجي لخط إيراد واحد"
ANAE-04,"IFU المقاول الذاتي",0.5,percent_of_revenue,official_regulation,high,"قانون المالية 2024 (المادة 18 — تعديل 282sexies CIDTA) عبر UpGrowth",2026-04-24,"موحّد لكل الأنشطة؛ حد أدنى 10,000 DZD/سنة"
IFU-01,"IFU المستحق على السقف كاملاً",25000,DZD/year,computed,high,"مشتق: 5,000,000 × 0.005",2026-09-21,"≈ 162 € بسعر 154.19 — أصغر بمراتب من كلفة قناة الدفع"
TAX-01,"إعفاء دائم من IBS لعمليات التصدير المولِّدة للعملة",permanent,status,official_regulation,high,"mfdgi.gov.dz — «الامتيازات الجبائية الممنوحة للتصدير»",2023-11-17,"بشرط وثيقة تُثبت الإيداع لدى بنك مُوطَّن في الجزائر"
TAX-02,"الإعفاء يُمنح بالنسبة لرقم الأعمال المحقّق بالعملة",prorata,status,official_regulation,high,"mfdgi.gov.dz",2023-11-17,"ليس إعفاءً كاملاً إذا كان جزء من رقم الأعمال بالدينار"
TAX-03,"إعفاء دائم من IRG لتصدير الخدمات المولِّد للعملة",permanent,status,official_regulation,high,"mfdgi.gov.dz + قانون المالية (المادة 138 مكرر CIDTA)",2023-11-17,"النقل البحري/الجوي/البري وإعادة التأمين والبنوك مستثناة"
TAX-04,"TAP أُلغيت نهائياً",abolished,status,official_regulation,high,"قانون المالية 2024 — المادة 23 (تعديل 355-1 CIDTA)",2024-01-07,"بديلتها: الرسم المحلي للتضامن TS (المادة 80)"
TAX-05,"شرط الإعفاء: وثيقة بنكية تُثبت إيداع العائدات",mandatory,status,official_regulation,high,"mfdgi.gov.dz + دليل المستثمر",2022-10-01,"معناه: البنك يُنشئ الامتياز لا المحاسب"
FX-01,"قرار بنك الجزائر 2024/01: فتح حساب تجاري بثلاث وثائق",3,documents,official_regulation,high,"بنك الجزائر (تعليمة 2024/01، 30/01/2024) عبر ANAE/El Moudjahid",2024-04-01,"بطاقة ANAE + هوية + إثبات سكن"
FX-02,"استلام 100% من عائدات تصدير الخدمات بالعملة الصعبة",100,percent,official_regulation,high,"ANAE (تعليمة بنك الجزائر 06-2021) + Algerie360/Econostrum",2024-04-01,"السحب الفعلي للنقد يخضع لتدبير بنك الجزائر"
REP-01,"أجل الترحيل تحت المرجَع القديم",306,days,official_regulation,medium,"نظام 16-04/07-01 م61 عبر وزارة التجارة (عقيدة المستودع)",2026-08-21,"مرجع قائم حتى الآن في العقيدة"
REP-02,"أجل الترحيل المنسوب للنظام 26-02 (نصّ أحدث)",120,days,contradiction,medium,"خمسة مصادر صحفية تنقل النظام 26-02 (JO n°58, 12/08/2026)",2026-08-15,"⚠️ لم يُقرأ النص الأولي — سؤال مفتوح في العقيدة؛ يُصمَّم على الأشد"
REP-03,"سقف أجل الائتمان الممنوح للمشتري غير المقيم",180,days,contradiction,medium,"نفس المصادر الخمسة",2026-08-15,"يُشترط النصّ عليه صراحةً في العقد — وما فوقه يحتاج تأميناً مسبقاً"
TERM-01,"آجال الدفع التي تنجو بهامش ≥30 يوماً تحت المرجعين","0/15/30/45/60/90",days,computed,high,"مشتق: FXR_MEASUREMENTS.json › results.contract_terms",2026-09-12,"Net-120 = هامش صفري؛ فوق 180 ممنوع"
FEE-01,"Payoneer: كلفة السحب بتحويل عملة",1.2-4,percent,provider,medium_high,"SALES-INTEL-01 (INT-04) + Wise Blog + Payoneer FAQ",2026-09-19,"الهامش مخفيّ داخل سعر الصرف لا في رسوم معلنة"
FEE-02,"Payoneer: رسم سنوي تحت العتبة",29.95,USD/year,provider,medium,"SALES-INTEL-01 (INT-04)",2026-09-19,"يُضاف إلى كلفة السحب"
FEE-03,"كلفة قناة الدفع السنوية على سقف ANAE",389-1297,EUR/year,computed,high,"مشتق: 32,427.5 × (1.2% / 4%)",2026-09-21,"يعادل 15–50 ضعف الضريبة المباشرة على نفس السقف"
FEE-04,"Deel: كلفة المقاول",0,USD,provider,medium_high,"Deel + SALES-INTEL-01 (INT-06)",2026-09-19,"49 $/شهر على صاحب العمل — أفضل قناة لعقد مؤسسي"
FEE-05,"Upwork: كلفة السحب إلى Payoneer",2,USD/withdrawal,community,medium,"web6.tn (دليل 2026) + مصادر مستخدمين",2026-03-04,"قبلها 10–20% عمولة منصّة"
FEE-06,"Fiverr: كلفة السحب إلى Payoneer",2,percent,community,medium,"web6.tn (دليل 2026)",2026-03-04,"حد أدنى 1 $"
PLAT-01,"Outlier يدفع PayPal/AirTM/ACH",paypal_only,status,community,medium_high,"مراجعة طرق الدفع 2026 (r/digitalnomad) + earnbeyondborders",2026-01-27,"❌ غير قابل للتحصيل من الجزائر ⇒ منصّة مسدودة"
PLAT-02,"DataAnnotation لا يفتح للجزائر ويدفع PayPal فقط",closed,status,community,medium,"earnbeyondborders (2026)",2026-05-08,"❌ مستبعدة بنيوياً"
PLAT-03,"CrowdGen يدفع عبر Payoneer وتحويل بنكي محلي",payoneer_ok,status,provider,medium_high,"CrowdGen/Appen + مراجعة موثّقة (remowork)",2026-07-30,"✅ قابلة للاستعمال — الدفع شهري حول 14–15 من الشهر التالي"
PLAT-04,"الأجر المقيس فعلياً في CrowdGen",2.2,USD/hour,community,medium,"remowork.life — حساب موثَّق بالمدفوعات",2026-07-30,"مقابل «10–25 $/ساعة» المعلنة ⇒ قاعدة: اقِس لا تصدّق"
PLAT-05,"Toloka/Mindrift يدفعان عبر Payoneer أو Tipalti",payoneer_ok,status,provider,medium_high,"toloka.ai (صفحة الدفع)",2026-09-21,"دفعتان شهرياً بعد قبول المهام"
PLAT-06,"Welocalize يدفع عبر Hyperwallet",hyperwallet,status,provider,medium,"مراجعة طرق الدفع 2026",2026-01-27,"⚠️ يحتاج تحقّقاً لحالة الجزائر"
MARKET-01,"سعر الترجمة عربي→فرنسي (مترجم محترف)",0.14-0.22,USD/word,press,medium_high,"Jobbers (قاعدة أسعار 2026) + c-traduction",2026-07-05,"مرجع السوق العالمي"
MARKET-02,"سعر الترجمة داخل السوق الجزائري",300-1200,DZD/page,press,medium,"بارومتر Onyxlab للأسعار الجزائرية 2026",2026-01-01,"الفارق مع السوق العالمي 3–10× على المهارة نفسها"
MARKET-03,"سقف أجر مراجع AI فرنكوفوني معلن",16-17,EUR/hour,press,medium,"إعلانات Milengo (عبر مسح سابق للمستودع)",2026-01-01,"الأجر المعلن ≠ المقبوض — قِس"
MARKET-04,"أجر معلن لتقييم سلامة AI بالفرنسية",48-52,USD/hour,press,medium,"إعلان AuraOne (عبر مسح سابق)",2026-01-01,"يتطلّب ملفاً تقنياً قوياً"
MARKET-05,"سقف مرجعي لدعم العملاء الفرنكوفوني (المغرب)",4000-6500,MAD/month,press,medium,"jobsquare.ma (دلائل 2026)",2026-06-28,"≈ 370–600 € — سقف تنافسي لأي عرض جزائري"
MARKET-06,"عدد المنصات المعتمدة الفرنسية (PA)",150,platforms,official_regulation,medium_high,"ملفا DGFiP الرسميان عبر منصّات متخصّصة (03–07/09/2026)",2026-09-07,"+16 مرشّحة — كل صف يحمل بريد اتصال عام"
TARGET-01,"إشارة شراء فعلية: مهمة ADV لتنفيذ الفوترة الإلكترونية",15.38,EUR/hour,press,medium_high,"إعلان GI Life Sciences (Toulouse) عبر Jobintree — عقد 4 أشهر",2026-06-20,"«mise en conformité des données clients» حرفياً"
OPEN-01,"هل يُعفى المقاول الذاتي المصدّر من IFU؟",unknown,status,open,low,"لم يُعثر على نص أولي",2026-09-21,"⛔ يُحسم بسؤال مكتوب للضرائب — يمنع بناء خطة عليه"
OPEN-02,"هل يقبل Payoneer سحباً إلى بنك جزائري باسم كيان ANAE؟",unknown,status,open,low,"تناقض بين مصادر المورّد وشهادات المستخدمين",2026-09-21,"⛔ يُحسم بمحاولة سحب أولى موثَّقة"
OPEN-03,"Paysera: حيّة أم متوقفة؟ (تناقض داخلي في المستودع)",contradiction,status,contradiction,low,"عقيدة الصرف (2026-08-21) ضد SALES-INTEL-01 (2026-09-19)",2026-09-19,"⛔ لا يُبنى عليها حتى الفتح الفعلي"
